id,name
1,Nitin
1,Nitin
2,Ajith
1,Nitin
2,Ajith
1,Nitin
1,Nitin
1,Nitin
1,Nitin
2,Ajith
1,Nitin
2,Ajith
1,Nitin
2,Ajith
2,Ajith
2,Ajith
2,Ajith
1,Nitin
2,Ajith
2,Ajith
1,Nitin
1,Nitin
2,Ajith
2,Ajith
2,Ajith
2,Ajith
2,Ajith
1,Nitin
2,Ajith
1,Nitin
2,Ajith
2,Ajith
2,Ajith
1,Nitin
1,Nitin
2,Ajith
2,Ajith
1,Nitin
1,Nitin
1,Nitin
1,Nitin
1,Nitin
2,Ajith
2,Ajith
2,Ajith
1,Nitin
1,Nitin
1,Nitin
2,Ajith
1,Nitin
1,Nitin
2,Ajith
2,Ajith
1,Nitin
2,Ajith
1,Nitin
2,Ajith
2,Ajith
2,Ajith
2,Ajith
2,Ajith
1,Nitin
1,Nitin
2,Ajith
2,Ajith
1,Nitin
2,Ajith
1,Nitin
1,Nitin
1,Nitin
2,Ajith
1,Nitin
1,Nitin
2,Ajith
1,Nitin
2,Ajith
1,Nitin
2,Ajith
2,Ajith
2,Ajith
2,Ajith
1,Nitin
1,Nitin
2,Ajith
1,Nitin
1,Nitin
2,Ajith
1,Nitin
2,Ajith
2,Ajith
2,Ajith
2,Ajith
1,Nitin
2,Ajith
2,Ajith
1,Nitin
1,Nitin
2,Ajith
1,Nitin
1,Nitin
1,Nitin
2,Ajith
2,Ajith
1,Nitin
1,Nitin
2,Ajith
1,Nitin
2,Ajith
1,Nitin
1,Nitin
1,Nitin
2,Ajith
1,Nitin
1,Nitin
2,Ajith
1,Nitin
2,Ajith
2,Ajith
2,Ajith
1,Nitin
2,Ajith
1,Nitin
2,Ajith
2,Ajith
2,Ajith
1,Nitin
1,Nitin
1,Nitin
1,Nitin
1,Nitin
2,Ajith
1,Nitin
2,Ajith
1,Nitin
1,Nitin
1,Nitin
1,Nitin
2,Ajith
2,Ajith
2,Ajith
1,Nitin
1,Nitin
1,Nitin
2,Ajith
1,Nitin
2,Ajith
1,Nitin
2,Ajith
2,Ajith
1,Nitin
2,Ajith
2,Ajith
1,Nitin
1,Nitin
2,Ajith
1,Nitin
2,Ajith
2,Ajith
2,Ajith
1,Nitin
2,Ajith
2,Ajith
2,Ajith
1,Nitin
2,Ajith
2,Ajith
1,Nitin
2,Ajith
1,Nitin
1,Nitin
1,Nitin
2,Ajith
2,Ajith
2,Ajith
1,Nitin
1,Nitin
1,Nitin
1,Nitin
2,Ajith
1,Nitin
1,Nitin
2,Ajith
1,Nitin
1,Nitin
1,Nitin
2,Ajith
1,Nitin
1,Nitin
1,Nitin
2,Ajith
2,Ajith
2,Ajith
2,Ajith
1,Nitin
1,Nitin
2,Ajith
2,Ajith
2,Ajith
1,Nitin
2,Ajith
1,Nitin
2,Ajith
